<?xml version="1.0" encoding="UTF-8"?>
<!DOCTYPE mapper
  PUBLIC "-//mybatis.org//DTD Mapper 3.0//EN"
  "http://mybatis.org/dtd/mybatis-3-mapper.dtd">
<mapper namespace="subcategory">

	<select id="getsubcategorylist" resultType="subcategoryvo">
		select * from subcategory
	</select>
	
	<select id="getsubcategoryl" resultType="subcategoryvo" >
		select * from subcategory s, category c where s.categorycode = c.categorycode and s.categorycode = #{categorycode}
	</select> 	
	<select id="getsubcategory" resultType="subcategoryvo">
		select subjectname from subcategory where categorycode = #{categorycode}
	</select>
	<select id = "getsubcategory3" resultType="subcategoryvo">
		select subjectname from subcategory where subjectcode= #{subjectcode}
	</select>
	 	
 </mapper>










