<?xml version="1.0" encoding="UTF-8"?>
<!DOCTYPE configuration
  PUBLIC "-//mybatis.org//DTD Config 3.0//EN"
  "http://mybatis.org/dtd/mybatis-3-config.dtd">
<configuration>

  <typeAliases>
     <typeAlias type="spring.biz.user.vo.UserVO" alias="uservo"/>
	 <typeAlias type="spring.biz.admin.vo.AdminVO" alias="adminvo"/>
	 <typeAlias type="spring.biz.notify.vo.NotifyVO" alias="notifyvo"/>
	 <typeAlias type="spring.biz.category.vo.CategoryVO" alias="categoryvo"/>
     <typeAlias type="spring.biz.subcategory.vo.SubCategoryVO" alias="subcategoryvo"/>
     <typeAlias type="spring.biz.studyroom.vo.StudyRoomVO" alias="studyroomvo"/>
     <typeAlias type="spring.biz.studymember.vo.StudyMemberVO" alias="studymembervo"/>
     <typeAlias type="spring.biz.location.vo.LocationVO" alias="locationvo"/>
<!-- <typeAlias type="spring.biz.board.vo.BoardVO" alias="boardvo"/> -->  
 </typeAliases>
  
  <!-- <environments default="development">
    <environment id="development">
      <transactionManager type="JDBC"/>
      <dataSource type="POOLED">
        <property name="driver" value="oracle.jdbc.OracleDriver"/>
        <property name="url" value="jdbc:oracle:thin:@70.12.115.80:1521:xe"/>
        <property name="username" value="scott"/>
        <property name="password" value="TIGER"/>
      </dataSource>
    </environment>
  </environments> -->
  <mappers>
       <mapper resource="mapper/user_mapper.xml"/> 
       <mapper class="mappers.UserMapper"/>
       <mapper resource="mapper/admin_mapper.xml"/> 
       <mapper resource="mapper/subcategory_mapper.xml"/> 
       <mapper resource="mapper/category_mapper.xml"/> 
       <mapper resource="mapper/studyroom_mapper.xml"/>
       <mapper resource="mapper/studymember_mapper.xml"/>  
       <mapper resource="mapper/location_mapper.xml"/> 
       <mapper resource="mapper/notify_mapper.xml"/> 
       
      <!-- <mapper resource="mapper/board_mapper.xml"/> -->
  </mappers>
</configuration>



